Data;ID AZ;Cow;Lattazione;GIM;Produz.;Grasso;Proteine;Urea;CN;BHB;SCC
01/10/2024;1796;IT015990581546;1;280;19,4;5,29;3,25;22,4;2,59;0,11;5885
01/10/2024;1881;IT015990581641;1;70;28,8;2,85;3,01;6,8;2,31;0,04;3605
01/10/2024;1811;IT015990581571;1;237;28,8;5,66;3,43;18;2,72;0,06;2963
01/10/2024;1786;IT015990581556;1;276;19;3,74;3,85;13,9;3,04;0,08;2613
01/10/2024;1908;IT015990581668;1;100;19,2;3,72;3,34;9,7;2,56;0,1;2049
01/10/2024;1842;IT015990581602;1;68;38,4;2,8;2,67;13,7;2,08;0,04;1446
01/10/2024;1825;IT015990581585;1;191;34,1;2,95;3,39;11,4;2,66;;1359
01/10/2024;1859;IT015990581619;1;110;35,9;3,92;3,67;22,5;2,86;0,04;1193
01/10/2024;1607;IT015990553427;1;215;30,7;3,58;3,41;17;2,69;0,02;901
01/10/2024;1765;IT015990581525;1;325;24,2;3,78;4,17;10,1;3,36;;894
01/10/2024;1835;IT015990581595;1;183;25;3,75;3,6;13,1;2,89;0,04;866
01/10/2024;1923;IT015990581683;1;67;29,2;5,86;2,99;15,9;2,35;0,01;849
01/10/2024;1915;IT015990581675;1;30;32,5;4,51;3,26;15,3;2,61;;804
01/10/2024;1663;IT015990553483;2;261;26,2;4,26;3,76;12,5;3,03;;763
01/10/2024;1693;IT015990553513;1;285;28,3;3,57;3,56;15,1;2,83;0,02;757
01/10/2024;1602;IT015990553422;2;280;20,5;4,11;4,07;17,6;3,26;0,05;688
01/10/2024;1711;IT015990553531;1;172;33;2,93;3,17;7,8;2,53;0,04;678
01/10/2024;1568;IT015990553388;2;223;28;3,73;3,78;16,9;2,96;0,02;675
01/10/2024;1849;IT015990581609;1;101;31;4,11;3,3;15,9;2,64;0,04;663
01/10/2024;1716;IT015990553536;1;11;30,8;3,58;3,34;8,3;2,6;0,1;648
01/10/2024;1755;IT015990581515;1;83;29,9;4,06;2,82;20,3;2,24;0,03;639
01/10/2024;1836;IT015990581596;1;193;32,8;3,99;3,4;16,8;2,72;;563
01/10/2024;1900;IT015990581660;1;16;30,4;4,35;3,35;18,6;2,64;0,06;516
01/10/2024;1741;IT015990581501;1;224;29,9;3,25;3,51;13,7;2,81;0,12;509
01/10/2024;1198;IT015990490878;3;311;26,8;4,32;3,93;16,5;3,14;0,01;442
01/10/2024;1863;IT015990581623;1;14;29,7;5,06;3,37;22,2;2,67;0,07;435
01/10/2024;1223;IT015990490903;3;256;25,5;5,45;3,58;23,1;2,91;0,05;416
01/10/2024;1810;IT015990581570;1;25;36,3;3,06;2,78;26,1;2,12;0,03;394
01/10/2024;1703;IT015990553523;1;270;29,8;4,71;3,65;11;2,88;;388
01/10/2024;1826;IT015990581586;1;230;28;4,26;3,93;16;3,15;;346
01/10/2024;1864;IT015990581624;1;86;25,4;4,13;3,42;24,1;2,72;0,03;345
01/10/2024;1723;IT015990553543;1;286;25,2;4,1;3,75;14,2;2,99;0,02;308
01/10/2024;1829;IT015990581589;1;254;21,4;5,85;4,01;25,7;3,26;0,03;305
01/10/2024;1813;IT015990581573;1;259;29,6;4,4;3,64;16,1;2,93;;291
01/10/2024;1627;IT015990553447;2;254;29;3,66;3,55;21,7;2,78;;276
01/10/2024;1740;IT015990581500;1;328;27,4;3,85;3,7;13,2;2,98;0,03;258
01/10/2024;1698;IT015990553518;1;241;29;3,92;3,41;15,4;2,74;0,01;251
01/10/2024;1722;IT015990553542;1;240;31;3,61;3,36;15,1;2,66;0,05;250
01/10/2024;1830;IT015990581590;1;83;18,7;4,22;2,36;23,2;1,78;0,09;243
01/10/2024;1820;IT015990581580;1;226;26,5;5,77;3,96;20,9;3,24;0,03;241
01/10/2024;1776;IT015990581536;1;233;19,3;3,93;3,57;18,3;2,84;0,08;225
01/10/2024;1910;IT015990581670;1;60;28;4,41;2,92;19,5;2,3;0,01;222
01/10/2024;1760;IT015990581520;1;85;37,2;3,99;3,13;21,3;2,42;0,02;218
01/10/2024;1921;IT015990581681;1;64;30,4;3,23;3,35;11,9;2,69;0,05;206
01/10/2024;1846;IT015990581606;1;124;23,9;4,14;3,8;21,6;3,06;0,06;170
01/10/2024;1871;IT015990581631;1;182;33,7;3;3,68;12,8;2,97;0,02;159
01/10/2024;1777;IT015990581537;1;285;25,7;2,36;3,53;21,8;2,8;0,02;158
01/10/2024;1517;IT015990520557;2;242;23,4;4,32;4,08;14;3,26;;154
01/10/2024;1828;IT015990581588;1;130;37,3;2,88;3,11;12,1;2,43;0,01;149
01/10/2024;1685;IT015990553505;1;248;29,3;3,88;3,93;10,7;3,16;;146
01/10/2024;1875;IT015990581635;1;69;33;3,28;2,97;10,8;2,34;0,01;141
01/10/2024;1767;IT015990581527;1;188;23,5;3,94;3,18;19,4;2,53;0,04;137
01/10/2024;1763;IT015990581523;1;302;24,6;3,78;3,61;11,8;2,9;0,03;135
01/10/2024;1815;IT015990581575;1;275;27,4;4,25;3,26;15;2,6;0,01;131
01/10/2024;1812;IT015990581572;1;198;25;4,3;3,96;20,1;3,12;0,06;131
01/10/2024;1903;IT015990581663;1;102;28,4;3,11;3,64;11,7;2,91;0,02;130
01/10/2024;1880;IT015990581640;1;90;30,3;4,45;3,43;15,2;2,74;0,06;128
01/10/2024;1873;IT015990581633;1;41;37,3;3,97;2,88;14,4;2,31;0,05;124
01/10/2024;1817;IT015990581577;1;169;38,4;2,31;2,95;11,5;2,36;0,02;113
01/10/2024;1791;IT015990581561;1;125;28,4;2,59;3,39;26,1;2,65;0,05;113
01/10/2024;1629;IT015990553449;2;255;24;3,8;4,21;19,3;3,37;0,02;111
01/10/2024;1851;IT015990581611;1;24;40,6;4,08;3;16;2,38;0,06;108
01/10/2024;1751;IT015990581511;1;320;26,5;5,08;3,26;19,8;2,62;0,08;107
01/10/2024;1887;IT015990581647;1;46;36,4;3,32;2,89;8,7;2,24;0,01;102
01/10/2024;1834;IT015990581594;1;36;33,8;4,48;2,76;14,8;2,17;0,08;101
01/10/2024;1904;IT015990581664;1;43;32,7;3,96;2,78;11,4;2,21;0,05;98
01/10/2024;1725;IT015990553545;1;252;20,5;3,95;3,73;20;2,99;;89
01/10/2024;1746;IT015990581506;1;302;33,4;3,61;3,14;13,6;2,52;0,03;76
01/10/2024;1868;IT015990581628;1;69;32,4;3,13;2,98;12,5;2,34;;74
01/10/2024;1742;IT015990581502;1;354;21,9;4,14;3,96;15,3;3,16;0,01;73
01/10/2024;1669;IT015990553489;1;253;33;5,3;3,52;16,8;2,85;0,06;73
01/10/2024;1536;IT015990553356;1;316;21,9;3,71;3,97;17,2;3,13;0,06;73
01/10/2024;1793;IT015990581563;1;84;45,8;3,85;2,81;13,9;2,24;;72
01/10/2024;1867;IT015990581627;1;79;34,1;3,86;3,36;16,7;2,68;0,04;72
01/10/2024;1848;IT015990581608;1;64;32,4;4,03;3,15;19,9;2,49;0,06;70
01/10/2024;1660;IT015990553480;1;425;21,3;4,48;4,13;16,3;3,36;0,05;69
01/10/2024;1589;IT015990553409;1;333;21,3;3,69;4,49;14,2;3,52;;69
01/10/2024;1539;IT015990553359;1;528;19,8;5,22;4,96;27,3;4,02;;68
01/10/2024;1878;IT015990581638;1;40;33,1;3,96;3,13;16,2;2,49;0,05;68
01/10/2024;1824;IT015990581584;1;232;30,9;3,59;3,57;17,5;2,88;0,01;68
01/10/2024;1787;IT015990581557;1;123;29,8;4,07;3,05;17,9;2,42;0,01;64
01/10/2024;1797;IT015990581547;1;191;35,2;4,63;3,42;19,4;2,78;0,03;63
01/10/2024;1852;IT015990581612;1;117;36,9;4,05;2,98;12,1;2,36;0,05;61
01/10/2024;1837;IT015990581597;1;152;26,9;4,22;3,09;24;2,48;0,04;59
01/10/2024;1893;IT015990581653;1;66;34;2,94;2,93;14;2,31;0,01;55
01/10/2024;1781;IT015990581541;1;248;23,8;4,17;3,44;21,7;2,66;0,08;55
01/10/2024;1773;IT015990581533;1;329;24,2;4,97;3,51;17,3;2,86;0,01;54
01/10/2024;1678;IT015990553498;1;242;24,5;4,36;3,52;19,9;2,83;;53
01/10/2024;1675;IT015990553495;2;27;45,1;3,52;3,7;15,3;2,93;0,02;53
01/10/2024;1770;IT015990581530;1;196;32,1;4,06;3,14;15,3;2,53;0,04;52
01/10/2024;1857;IT015990581617;1;107;23,9;5,18;3,75;14,2;2,94;0,01;52
01/10/2024;1785;IT015990581545;1;240;29;5,99;3,52;23,5;2,76;;48
01/10/2024;1708;IT015990553528;1;130;37,1;4,7;3,01;13,6;2,42;0,01;48
01/10/2024;1784;IT015990581544;1;79;35,3;4,23;3,38;13;2,66;;47
01/10/2024;1735;IT015990581495;1;319;26,2;3,55;3,27;14,3;2,61;0,05;46
01/10/2024;1710;IT015990553530;2;21;31,5;4,8;3,17;12,8;2,51;0,01;46
01/10/2024;1590;IT015990553410;1;587;21,9;6,34;3,99;18,7;3,29;0,03;46
01/10/2024;1757;IT015990581517;1;302;30,7;4,64;3,69;21,6;2,92;0,01;45
01/10/2024;1850;IT015990581610;1;64;29,3;3,75;3,34;14,8;2,67;0,07;45
01/10/2024;1891;IT015990581651;1;69;33,7;4,01;2,41;21,3;1,79;;44
01/10/2024;1795;IT015990581565;1;238;31,3;3,67;3,39;7,2;2,73;0,07;44
01/10/2024;1547;IT015990553367;1;421;20,5;4,67;3,91;16,5;3,15;0,04;44
01/10/2024;1888;IT015990581648;1;90;31,4;3,72;2,72;17,6;2,14;0,01;43
01/10/2024;1814;IT015990581574;1;233;26,1;3,6;3,7;18,8;2,96;0,05;42
01/10/2024;1621;IT015990553441;2;205;35,2;4,24;3,59;18,7;2,9;0,03;41
01/10/2024;1907;IT015990581667;1;27;28,8;4,49;3,37;26,5;2,66;;40
01/10/2024;1748;IT015990581508;1;234;28,2;4,82;3,52;16,8;2,84;0,06;39
01/10/2024;1772;IT015990581532;1;260;26,8;3,76;3,49;16,4;2,78;0,02;39
01/10/2024;1769;IT015990581529;1;253;24,3;4,52;4;15,4;3,22;;38
01/10/2024;1800;IT015990581550;1;18;23,5;3,35;3,3;21,5;2,57;;38
01/10/2024;1684;IT015990553504;1;251;23,1;4,23;3,47;13,5;2,79;0,03;38
01/10/2024;1827;IT015990581587;1;119;31,7;4,82;3,4;19,2;2,68;0,01;38
01/10/2024;1798;IT015990581548;1;272;25,7;4,61;3,82;10,7;3,06;0,03;37
01/10/2024;1886;IT015990581646;1;99;28,2;4,82;3,12;12,2;2,47;0,04;35
01/10/2024;1762;IT015990581522;1;222;30,6;4,54;3,31;20,7;2,65;0,04;33
01/10/2024;1714;IT015990553534;1;326;30,1;4,3;3,57;16,7;2,9;0,1;33
01/10/2024;1728;IT015990581488;1;241;28,7;4,6;3,73;20,7;2,92;;29
01/10/2024;1511;IT015990520551;1;328;22,1;4,05;3,62;10,3;2,87;0,04;29
01/10/2024;1646;IT015990553466;1;340;36,7;2,74;3,27;11,9;2,63;0,02;28
01/10/2024;1680;IT015990553500;1;280;19,6;3,97;3,53;18,9;2,77;0,07;27
01/10/2024;1790;IT015990581560;1;208;24,6;3,77;3,72;25,7;2,9;;27
01/10/2024;1841;IT015990581601;1;92;27;3,77;3,48;25,3;2,72;0,03;26
01/10/2024;1726;IT015990581486;1;242;31,4;5,54;3,55;20,2;2,88;0,02;26
01/10/2024;1651;IT015990553471;1;179;29,3;5,13;3,09;19,8;2,39;;26
01/10/2024;1625;IT015990553445;2;240;32,8;3,47;3,26;6,1;2,59;0,04;26
01/10/2024;1719;IT015990553539;1;182;34;4,17;3,33;18,2;2,67;0,02;25
01/10/2024;1761;IT015990581521;2;167;30,5;3,77;3,08;21;2,43;;25
01/10/2024;1838;IT015990581598;1;189;30,2;3,89;3,68;22,7;2,96;0,01;25
01/10/2024;1866;IT015990581626;1;83;41;4,94;3,32;17,5;2,64;;25
01/10/2024;1816;IT015990581576;1;249;28,2;4,98;3,81;23,4;3,03;;24
01/10/2024;1788;IT015990581558;2;33;27,3;4,67;3,33;16,3;2,69;0,02;23
01/10/2024;1801;IT015990581551;1;247;35,3;4,07;3,47;19,6;2,77;0,01;22
01/10/2024;1789;IT015990581559;1;185;32,5;3,68;3,46;13,8;2,79;0,01;22
01/10/2024;1706;IT015990553526;1;222;28,1;3,39;3,25;9;2,57;0,01;22
01/10/2024;1672;IT015990553492;1;173;35,2;4,74;3,22;16,7;2,63;;22
01/10/2024;1916;IT015990581676;1;68;34,9;3,3;2,99;12,3;2,37;0,02;22
01/10/2024;1766;IT015990581526;1;87;35,7;3,74;3,13;15,6;2,48;;21
01/10/2024;1752;IT015990581512;1;290;30,8;6,22;3,04;26,6;2,34;;20
01/10/2024;1806;IT015990581566;1;244;27,4;3,89;3,62;10,7;2,89;;20
01/10/2024;1712;IT015990553532;2;32;25,7;3,88;3,62;9,5;2,91;;20
01/10/2024;1478;IT015990520518;2;50;25,9;3,42;3,65;12,7;2,87;;20
01/10/2024;1699;IT015990553519;1;164;31;3,91;3,35;18,8;2,65;0,05;17
01/10/2024;1792;IT015990581562;1;245;30,6;3,95;3,26;16,7;2,62;0,04;16
01/10/2024;1778;IT015990581538;1;102;40,2;3,03;3,08;11,8;2,45;;15
01/10/2024;1686;IT015990553506;1;339;21,7;3,36;2,9;19,4;2,25;0,01;15
01/10/2024;1736;IT015990581496;1;325;25,9;4,64;4,04;17,9;3,28;0,04;14
01/10/2024;1876;IT015990581636;1;17;27,2;4,23;3,27;13;2,58;0,06;12
01/10/2024;1730;IT015990581490;1;183;26,8;3,19;3,33;17,9;2,64;;10
01/10/2024;1739;IT015990581499;1;107;28,5;4,24;3,38;15,9;2,68;;10
01/10/2024;1831;IT015990581591;1;162;35,3;3,19;3,23;19,2;2,58;0,03;8
01/10/2024;1944;IT015990622164;1;16;28,9;4,06;2,8;14,4;2,18;0,03;7
01/10/2024;1872;IT015990581632;1;94;31,6;3,51;3,08;15,6;2,45;0,01;6
01/10/2024;967;IT015990436937;4;304;18,6;5,35;4,45;19,4;3,45;0,43;14673
01/10/2024;1520;IT015990520560;2;296;25,7;3,91;3,54;13,9;2,71;0,13;3687
01/10/2024;1123;IT015990451113;3;383;18;5,56;4,41;19,4;3,56;0,04;3361
01/10/2024;837;IT015990436807;5;238;36,2;3,38;3,4;8,2;2,64;0,14;2872
01/10/2024;1588;IT015990553408;2;280;24,7;4,58;4,05;10,7;3,23;0,09;2855
01/10/2024;1361;IT015990520401;2;512;20,5;4,21;4,24;7,3;3,4;0,08;2424
01/10/2024;1111;IT015990451101;4;104;44,8;3,9;2,96;7,9;2,34;0,08;2177
01/10/2024;1097;IT015990451087;4;269;24,9;4,43;3,99;16,9;3,18;0,04;1887
01/10/2024;1464;IT015990520504;3;112;39,5;3,31;2,98;6,1;2,35;0,07;1747
01/10/2024;1580;IT015990553400;2;186;26,7;4,22;3,65;15,4;2,95;0,01;1719
01/10/2024;1346;IT015990520386;3;275;25;4,28;3,64;8,9;2,89;0,04;1540
01/10/2024;1697;IT015990553517;2;330;17,4;4,69;3,98;11,5;3,22;0,09;1447
01/10/2024;1606;IT015990553426;2;274;26,7;4,48;3,91;17,2;3,15;;1177
01/10/2024;1093;IT015990451083;4;186;34,7;3,64;3,15;21,7;2,47;;1105
01/10/2024;1294;IT015990490974;3;275;27,1;3,89;3,53;8,2;2,83;0,02;954
01/10/2024;1122;IT015990451112;3;333;24;2,67;3,72;11,1;2,9;0,06;857
01/10/2024;1265;IT015990490945;2;251;30,3;4,05;3,05;9,9;2,44;0,05;687
01/10/2024;1459;IT015990520499;2;233;25,8;3,75;3,72;15,2;2,96;;680
01/10/2024;1649;IT015990553469;2;180;30,8;3,03;3,42;8,5;2,73;0,05;580
01/10/2024;1657;IT015990553477;2;17;38,4;4,39;3,26;16,8;2,52;0,01;580
01/10/2024;1285;IT015990490965;3;277;31,8;2,8;3,5;11,4;2,79;;575
01/10/2024;1385;IT015990520425;3;51;50,9;2,89;2,91;13,3;2,25;0,03;404
01/10/2024;1417;IT015990520457;2;314;21,2;3,78;3,75;11,9;3;0,07;364
01/10/2024;1638;IT015990553458;2;110;35;3,36;3,34;6,8;2,64;0,01;319
01/10/2024;1591;IT015990553411;2;277;23,9;4,7;3,75;17,1;3,03;0,02;317
01/10/2024;1365;IT015990520405;3;294;25,1;4,67;3,36;17,8;2,71;0,02;300
01/10/2024;1347;IT015990520387;2;374;21,9;4,53;3,94;10,9;3,19;0,09;293
01/10/2024;1554;IT015990553374;2;313;22,8;5,21;4,1;18,1;3,35;0,03;268
01/10/2024;1328;IT015990491008;2;327;24,6;4,21;3,84;13,5;3,07;0,11;267
01/10/2024;1216;IT015990490896;3;403;18,6;4,89;3,39;13,3;2,72;0,15;265
01/10/2024;991;IT015990436961;4;427;13,7;4,22;3,67;14;2,96;0,07;264
01/10/2024;925;IT015990436895;5;248;29,6;4,04;3,29;14,1;2,62;0,06;260
01/10/2024;1631;IT015990553451;2;25;46,9;4,22;2,79;11,6;2,17;0,01;253
01/10/2024;824;IT015990415754;5;248;28,4;4,03;3,28;12,8;2,63;;248
01/10/2024;1218;IT015990490898;3;377;28,7;4,12;3,47;11,7;2,79;0,03;247
01/10/2024;1286;IT015990490966;3;217;24,7;4,7;3,56;18,4;2,82;0,03;246
01/10/2024;1141;IT015990490821;3;369;16,6;5,29;4,04;19,2;3,24;0,11;243
01/10/2024;1720;IT015990553540;2;89;29,1;3,87;3,28;10,7;2,63;0,03;236
01/10/2024;907;IT015990436877;4;249;29,2;3,85;3,11;20,2;2,36;0,04;233
01/10/2024;869;IT015990436839;6;37;38,9;2,52;3,14;6,6;2,49;0,12;230
01/10/2024;1451;IT015990520491;2;279;25,3;4,14;3,95;15;3,19;0,04;213
01/10/2024;1051;IT015990451041;3;364;20,1;4,05;3,62;12,2;2,92;0,05;212
01/10/2024;1474;IT015990520514;2;365;25,5;4,01;3,69;12,6;2,93;;212
01/10/2024;1440;IT015990520480;2;176;27,4;3,95;3,71;11,9;2,98;0,08;198
01/10/2024;1560;IT015990553380;2;202;26,3;4,93;3,62;20,6;2,9;0,02;190
01/10/2024;1637;IT015990553457;2;28;45,7;6,19;2,47;12,5;1,91;0,03;190
01/10/2024;1662;IT015990553482;2;94;45,5;3,98;3,09;13,5;2,42;;181
01/10/2024;1557;IT015990553377;2;271;19,1;3,77;3,49;12,6;2,84;0,02;179
01/10/2024;1279;IT015990490959;3;106;40,9;4,37;3,36;13,9;2,66;0,05;172
01/10/2024;1537;IT015990553357;2;271;21,5;4,51;3,75;15,1;3,02;0,05;167
01/10/2024;1506;IT015990520546;2;187;22,6;3,91;3,29;12,2;2,57;0,01;165
01/10/2024;1695;IT015990553515;2;121;35,7;4,57;3,22;19;2,55;0,01;143
01/10/2024;1924;IT015990622144;1;11;29,5;4,05;3,28;13,7;2,56;0,12;134
01/10/2024;1570;IT015990553390;2;329;20,1;4,77;4,88;17,5;3,96;0,03;133
01/10/2024;1390;IT015990520430;3;222;30,5;4,79;3,69;12,7;2,98;0,03;130
01/10/2024;1550;IT015990622140;1;203;27,2;3,85;3,82;16,7;3,07;;115
01/10/2024;1498;IT015990520538;2;179;35,8;3,19;3,25;10,7;2,59;0,03;113
01/10/2024;1388;IT015990520428;3;110;47,5;3,24;3,01;8,3;2,36;;113
01/10/2024;1209;IT015990490889;3;306;25,7;4,97;3,76;13;3,05;0,07;112
01/10/2024;1460;IT015990520500;3;54;40,4;4,3;3,23;12;2,6;0,05;109
01/10/2024;1380;IT015990520420;3;198;35,3;5,28;3,23;22,1;2,63;;104
01/10/2024;1513;IT015990520553;2;66;36,6;4,04;3,29;16,3;2,61;;104
01/10/2024;1687;IT015990553507;2;73;36,5;3,16;3,13;7,5;2,48;0,01;104
01/10/2024;1486;IT015990520526;2;281;22,1;4,99;3,84;15,4;3,12;0,09;99
01/10/2024;1505;IT015990520545;2;313;18,6;4,81;4,31;10,2;3,47;0,05;98
01/10/2024;1392;IT015990520432;2;268;21,9;4,13;3,77;10,9;3,04;0,04;97
01/10/2024;1408;IT015990520448;2;435;20,6;4,39;4,1;14,4;3,31;0,06;93
01/10/2024;1169;IT015990490849;3;408;14,9;5,76;4,58;22,4;3,73;0,2;91
01/10/2024;1519;IT015990520559;2;276;23,7;3,96;3,88;10,2;3,12;;89
01/10/2024;1775;IT015990581535;1;311;23,4;3,53;3,05;11,6;2,43;0,01;89
01/10/2024;1318;IT015990490998;3;175;23,9;4,18;3,45;15,4;2,74;0,02;87
01/10/2024;1488;IT015990520528;2;70;35,8;3,7;3,32;10,7;2,64;;82
01/10/2024;1599;IT015990553419;2;91;38,4;6,03;4,17;18,7;3,39;;81
01/10/2024;1648;IT015990553468;2;264;30,5;4,12;3,54;10,4;2,83;0,07;80
01/10/2024;1339;IT015990520379;3;91;50,2;4,19;3,06;9,3;2,43;;78
01/10/2024;1612;IT015990553432;2;123;31;4,24;2,97;17,6;2,37;0,02;76
01/10/2024;1676;IT015990553496;2;25;50,9;3,65;2,89;9,6;2,28;0,01;72
01/10/2024;1610;IT015990436830;2;91;30,3;3,24;3,43;10,9;2,71;0,02;69
01/10/2024;1608;IT015990553428;2;262;25,6;3,62;3,54;18,9;2,82;0,04;59
01/10/2024;1323;IT015990491003;3;37;39;4,52;2,8;13,6;2,2;0,06;56
01/10/2024;1604;IT015990553424;2;41;37;3,47;2,84;10,3;2,2;;54
01/10/2024;1603;IT015990553423;2;115;34,3;4,44;3,47;15;2,82;0,07;53
01/10/2024;696;IT015990415626;5;62;49,9;3,29;3,1;8,6;2,43;0,01;52
01/10/2024;1526;IT015990520566;2;249;24,3;3,77;3,45;12,9;2,78;;47
01/10/2024;1619;IT015990553439;2;270;27,8;4,54;3,84;14,5;3,09;0,06;47
01/10/2024;1421;IT015990520461;2;296;24;4,81;3,95;14,3;3,21;0,04;46
01/10/2024;1605;IT015990553425;2;228;26,3;5,27;4,02;12,6;3,31;0,06;43
01/10/2024;1799;IT015990581549;1;235;27;3,61;3,57;21,3;2,87;0,03;43
01/10/2024;1587;IT015990553407;2;213;31,4;4,31;3,33;12,6;2,67;;39
01/10/2024;1688;IT015990553508;2;55;41,1;4,1;2,84;12,6;2,26;0,09;36
01/10/2024;1345;IT015990520385;3;26;37,5;3,92;3,09;11,9;2,46;0,04;35
01/10/2024;1555;IT015990553375;2;204;34,2;3,4;3,35;12,3;2,66;0,01;34
01/10/2024;1393;IT015990520433;3;12;44,5;3,51;2,86;22;2,2;;32
01/10/2024;1140;IT015990490820;3;366;21,6;4,75;4,03;13,3;3,25;0,12;32
01/10/2024;1224;IT015990490904;4;28;37,9;3,83;3,04;10,2;2,38;0,01;32
01/10/2024;1743;IT015990581503;2;15;37,4;3,12;3,23;6,7;2,53;0,01;32
01/10/2024;1609;IT015990553429;2;113;45,9;4,16;3,27;9,1;2,62;0,06;31
01/10/2024;964;IT015990436934;4;182;20,5;2,26;3,17;6,4;2,43;0,06;31
01/10/2024;1288;IT015990490968;3;36;39;2,82;2,82;7,7;2,21;0,01;30
01/10/2024;1483;IT015990520523;2;200;31,9;4,34;3,81;17,3;3,06;;27
01/10/2024;1682;IT015990553502;2;99;33,9;3,55;3,04;9,9;2,43;;26
01/10/2024;1287;IT015990490967;3;268;24,7;6,16;3,95;21,5;3,15;0,03;26
01/10/2024;1581;IT015990553401;2;52;40,4;3,44;2,83;11,2;2,24;0,08;25
01/10/2024;1448;IT015990520488;3;69;39;4,7;3,18;14;2,52;0,04;24
01/10/2024;1127;IT015990451117;4;49;37,4;5,66;2,99;13,3;2,37;0,03;23
01/10/2024;1336;IT015990520376;3;321;20;5,52;4,2;20,2;3,38;;21
01/10/2024;1418;IT015990520458;3;57;48,2;3,3;3;12,5;2,35;0,01;21
01/10/2024;1414;IT015990520454;3;43;36,2;4,62;2,65;11,1;2,04;;21
01/10/2024;1622;IT015990553442;2;75;43,1;3,6;3,14;10,8;2,48;;21
01/10/2024;1342;IT015990520382;3;65;48;3,92;2,99;7,5;2,33;0,04;20
01/10/2024;1242;IT015990490922;3;42;37,7;3,79;3,54;20,1;2,82;0,03;20
01/10/2024;1433;IT015990520473;2;233;31;4,72;3,99;10,7;3,23;;18
01/10/2024;1643;IT015990553463;2;40;54,3;2,67;2,84;4,2;2,24;;18
01/10/2024;1724;IT015990553544;2;24;40,8;6,04;3,12;16,8;2,52;0,02;18
01/10/2024;1854;IT015990581614;1;66;31,2;4,16;2,56;10;1,92;0,04;18
01/10/2024;1645;IT015990553465;2;51;32,5;3,48;3,54;11,9;2,84;;17
01/10/2024;1353;IT015990520393;3;32;49,5;3,12;2,65;8,1;2,07;;17
01/10/2024;1257;IT015990490937;3;253;38;3,61;2,86;15,5;2,21;0,01;16
01/10/2024;1290;IT015990490970;3;25;37,6;3,24;2,92;11,2;2,26;;16
01/10/2024;1531;IT015990553351;2;263;27;3,58;2,97;10,3;2,4;0,07;16
01/10/2024;1512;IT015990520552;2;199;31,9;5,11;3,43;18;2,77;0,01;16
01/10/2024;1718;IT015990553538;2;67;40,2;3,54;2,97;9;2,34;;14
01/10/2024;1402;IT015990520442;2;37;48,5;4,55;2,6;15,2;1,97;;13
01/10/2024;1429;IT015990520469;3;54;36,4;4,27;3,21;9,6;2,56;0,1;13
01/10/2024;1468;IT015990520508;3;31;39,4;3,86;2,73;10,8;2,13;;12
01/10/2024;1665;IT015990553485;2;58;39,6;5,33;3,02;16,7;2,37;;11
01/10/2024;1632;IT015990553452;2;217;34;5,24;3,47;14,1;2,78;0,02;10
01/10/2024;1598;IT015990553418;2;36;34,2;3,8;3,09;10,7;2,44;;10
01/10/2024;1437;IT015990520477;3;40;37,5;3,01;3,09;11,3;2,44;0,05;9
01/10/2024;1614;IT015990553434;2;96;35,6;4,97;2,52;13,9;1,93;0,04;8
01/10/2024;1510;IT015990520550;3;39;41,5;3,72;3,07;14,7;2,42;;8
01/10/2024;1667;IT015990553487;2;57;41,8;2,95;3,19;9,2;2,54;0,02;8
01/10/2024;866;IT015990436836;6;49;43,9;3,7;2,85;9,8;2,23;;7
01/10/2024;1447;IT015990520487;3;27;48;2,79;2,63;8;2,05;;6
01/10/2024;1182;IT015990490862;3;78;38,6;1.87 *;2,94;10,7;2,28;;6
01/10/2024;1373;IT015990520413;3;240;22,9;3,87;3,7;12,5;2,9;;11090
01/10/2024;1319;IT015990490999;2;352;26,7;3,79;3,37;15,7;2,63;0,12;8009
01/10/2024;1220;IT015990490900;3;39;42;3,62;2,91;12,8;2,28;;7611
01/10/2024;861;IT015990436831;5;360;19;4,76;4,06;23,4;3,27;0,01;6663
01/10/2024;1235;IT015990490915;3;269;24,7;3,69;3,38;8,4;2,68;0,06;3272
01/10/2024;1350;IT015990520390;2;337;20;3,35;3,91;16,1;3,07;0,06;2969
01/10/2024;1244;IT015990490924;2;542;19;4,1;3,64;12,1;2,87;0,1;2951
01/10/2024;327;IT015990315453;6;380;25;3,61;3,26;9,8;2,49;0,09;2863
01/10/2024;1738;IT015990581498;2;67;31,1;4,55;2,94;19,9;2,33;0,06;2693
01/10/2024;1070;IT015990451060;3;594;18,4;5,7;4,65;20,6;3,74;0,14;2318
01/10/2024;1338;IT015990520378;3;49;37,4;6,04;3,09;22,5;2,46;0,09;2273
01/10/2024;1403;IT015990520443;2;249;28;4,28;3,78;15,1;3,03;0,05;2220
01/10/2024;1082;IT015990451072;4;263;22,5;4,83;3,44;16,1;2,76;0,11;2199
01/10/2024;859;IT015990436829;5;298;21,3;4,15;3,79;13;3,01;0,08;2169
01/10/2024;1674;IT015990553494;2;60;36,6;4,52;2,9;12,7;2,28;;2038
01/10/2024;1679;IT015990553499;2;46;41,1;3,83;3,03;12;2,38;0,03;2032
01/10/2024;1348;IT015990520388;3;226;24,8;5,23;3,58;10,1;2,87;0,16;1715
01/10/2024;889;IT015990436859;5;265;26,2;5,19;3,86;18,8;3,11;0,06;1456
01/10/2024;721;IT015990415651;5;388;25,1;3,27;3,27;7,5;2,6;0,03;1440
01/10/2024;1479;IT015990520519;2;213;24,8;3,37;3,6;16,7;2,83;;1341
01/10/2024;1166;IT015990490846;3;302;22,8;4,83;4,09;14,5;3,28;0,07;1208
01/10/2024;1173;IT015990490853;3;357;13,1;3,96;3,26;13,8;2,53;0,19;1115
01/10/2024;916;IT015990436886;4;44;22,6;4,41;2,52;13,4;1,93;0,16;1098
01/10/2024;1576;IT015990553396;2;266;24,8;2,88;3,63;15,6;2,9;0,04;1075
01/10/2024;978;IT015990436948;4;212;21,4;3,81;3,2;14;2,42;0,2;1015
01/10/2024;1106;IT015990451096;4;85;41,4;3,42;2,96;12,5;2,32;0,02;991
01/10/2024;1508;IT015990520548;2;196;32,3;3,02;3,67;9;2,86;0,03;885
01/10/2024;839;IT015990436809;5;283;23,2;3,99;3,59;15,7;2,84;0,07;870
01/10/2024;896;IT015990436866;5;274;22,8;3,43;3,57;10;2,83;0,03;864
01/10/2024;462;IT015990361908;7;64;35,4;2,88;2,94;10,6;2,29;0,01;738
01/10/2024;1523;IT015990520563;2;229;30,6;3,48;3,76;8,2;2,98;0,03;596
01/10/2024;1542;IT015990553362;2;76;34,4;9.02 *;3,18;26,3;2,62;;592
01/10/2024;1219;IT015990490899;3;217;30,1;4,34;3,25;20,3;2,55;0,02;515
01/10/2024;1021;IT015990436991;4;284;18,7;3,94;3,83;16,7;3,09;;506
01/10/2024;1491;IT015990520531;3;48;42,1;4,15;3,06;11,4;2,38;0,01;497
01/10/2024;881;IT015990436851;4;307;19,5;3,92;3,17;18,8;2,47;0,05;451
01/10/2024;1399;IT015990520439;2;288;24,4;3,52;3,57;15,5;2,85;0,03;450
01/10/2024;1586;IT015990553406;2;321;19,6;4,42;4,23;15;3,39;0,1;428
01/10/2024;1454;IT015990520494;2;63;40,1;4,37;3,06;18,3;2,4;;400
01/10/2024;1176;IT015990490856;4;105;38,7;3,47;2,64;12;2,02;;375
01/10/2024;1386;IT015990520426;3;133;43,2;2,06;2,82;11,3;2,17;;368
01/10/2024;808;IT015990415738;5;382;20,9;5,31;4,55;13,2;3,65;0,08;365
01/10/2024;1438;IT015990520478;2;539;11,3;4,99;4,76;19,7;3,81;0,19;325
01/10/2024;742;IT015990415672;6;247;28,1;3,91;3,35;13,3;2,66;0,05;311
01/10/2024;1500;IT015990520540;2;72;31,9;3,73;3,16;8,6;2,49;0,02;283
01/10/2024;1524;IT015990520564;2;285;13,7;4,63;4,47;19,3;3,58;;282
01/10/2024;458;IT015990361904;7;304;26,6;3,39;3,16;13,1;2,5;0,07;269
01/10/2024;1351;IT015990520391;3;59;37,8;3,07;2,93;15,8;2,27;;243
01/10/2024;1316;IT015990490996;3;96;34;3,35;2,84;12,9;2,24;0,04;242
01/10/2024;323;IT015990315449;6;216;31,4;4,02;3,07;15,4;2,4;0,07;235
01/10/2024;1061;IT015990451051;3;424;19,9;4,85;4,47;21,3;3,58;0,12;231
01/10/2024;1201;IT015990490881;2;411;20,9;4,41;3,85;20;3,1;0,04;229
01/10/2024;1044;IT015990451034;3;472;19;5,08;4,14;19,4;3,18;0,08;218
01/10/2024;1281;IT015990490961;3;309;26,6;4,34;4,06;20,2;3,24;0,08;217
01/10/2024;332;IT015990315458;7;337;19,6;3,42;3,17;10,6;2,51;0,08;216
01/10/2024;1185;IT015990490865;4;40;23,2;4,49;4,05;14,1;3,26;0,09;215
01/10/2024;1546;IT015990553366;2;178;19,8;3,96;3,64;17,4;2,88;0,03;212
01/10/2024;1593;IT015990553413;2;215;29,4;4,13;3,69;11;2,99;;211
01/10/2024;1583;IT015990553403;2;289;22,5;3,49;3,7;12,3;2,91;0,11;204
01/10/2024;1308;IT015990490988;3;248;33,3;3,75;3,71;12,8;2,97;0,03;204
01/10/2024;878;IT015990436848;4;327;19,8;3,75;3,43;13,5;2,69;0,11;198
01/10/2024;1321;IT015990491001;3;223;26,2;3,82;3,52;13;2,78;0,1;192
01/10/2024;1221;IT015990490901;3;243;29,3;3,27;4,02;13;3,2;0,03;180
01/10/2024;1441;IT015990520481;2;234;32,5;3,48;3,28;13,3;2,61;0,04;175
01/10/2024;1794;IT015990581564;1;181;22,2;4,5;3,46;17,3;2,78;0,06;166
01/10/2024;1377;IT015990520417;2;276;27,3;5,21;3,76;20,3;3,02;0,02;165
01/10/2024;624;IT015990370664;6;208;29,2;4,07;3,49;14,4;2,79;0,06;160
01/10/2024;1633;IT015990553453;2;199;22;3,35;3,74;23,3;2,91;0,09;160
01/10/2024;1297;IT015990490977;3;111;36,1;3,71;3,21;9,6;2,57;0,05;158
01/10/2024;1349;IT015990520389;2;316;22,1;4,04;3,98;17,2;3,15;0,09;154
01/10/2024;1314;IT015990490994;3;242;30,1;3,83;3,97;18,9;3,15;0,02;153
01/10/2024;940;IT015990436910;4;299;25,3;4,56;3,75;23,1;2,99;0,05;152
01/10/2024;1103;IT015990451093;3;189;22,4;4,55;3,55;17;2,85;0,06;149
01/10/2024;1477;IT015990520517;2;44;33,6;4,85;2,79;14,7;2,16;0,06;149
01/10/2024;1153;IT015990490833;3;68;45,5;2,55;2,95;23,2;2,28;;145
01/10/2024;1145;IT015990490825;3;252;36,5;3,89;3,45;13;2,77;0,01;143
01/10/2024;1522;IT015990520562;1;55;10,9;4,5;3,52;15,4;2,8;0,12;141
01/10/2024;1600;IT015990553420;1;554;18,8;5,01;4,13;14,5;3,36;0,04;139
01/10/2024;1110;IT015990451100;3;393;27;5,08;3,78;16,5;3,03;0,03;133
01/10/2024;1143;IT015990490823;3;488;29,9;4,23;3,95;13,4;3,17;0,06;130
01/10/2024;1616;IT015990553436;2;230;24,1;3,62;3,81;8,2;3,04;0,05;129
01/10/2024;1241;IT015990490921;3;242;24,7;4,2;3,62;15,2;2,91;0,09;125
01/10/2024;1963;IT015990436933;5;73;34,7;4,05;2,75;13,3;2,14;0,04;123
01/10/2024;2260;IT015990490940;3;263;34,7;3,77;3,64;14,7;2,91;0,04;114
01/10/2024;1416;IT015990520456;2;407;17,4;4,03;3,78;20,8;3;0,09;114
01/10/2024;1303;IT015990490983;2;418;19,9;3,74;3,75;21,6;2,97;0,07;113
01/10/2024;1341;IT015990520381;3;258;30,5;3,64;3,58;11,4;2,91;0,02;108
01/10/2024;1375;IT015990520415;3;29;34,3;4,64;3,52;15,5;2,82;0,04;100
01/10/2024;1465;IT015990520505;2;210;33,3;3,38;3,58;19,5;2,84;0,04;86
01/10/2024;1400;IT015990520440;2;142;37,6;3,47;2,92;13,2;2,32;0,02;83
01/10/2024;1571;IT015990553391;2;289;28,7;4,14;3,68;10,4;2,96;0,03;83
01/10/2024;1443;IT015990520483;3;59;47,2;3,55;3,04;19,5;2,39;0,03;78
01/10/2024;1115;IT015990451105;4;60;33,9;5,34;2,98;17,6;2,4;0,06;76
01/10/2024;1713;IT015990553533;1;367;20,7;4,1;3,64;18,4;2,87;0,02;73
01/10/2024;730;IT015990415660;5;441;19;4,4;3,83;18,1;3,09;0,07;65
01/10/2024;1497;IT015990520537;2;284;19,2;4,93;4,27;19,3;3,46;0,03;64
01/10/2024;1436;IT015990520476;3;53;34,8;4,06;2,84;15,7;2,21;;56
01/10/2024;1363;IT015990520403;2;345;23,9;4,48;4,02;17,1;3,25;0,05;56
01/10/2024;1396;IT015990520436;3;33;41,1;4,02;2,99;15,1;2,35;0,05;49
01/10/2024;1530;IT015990553550;1;294;21,1;3,64;3,96;11,1;3,16;;48
01/10/2024;1843;IT015990581603;1;168;27,4;4,76;3,62;19,9;2,9;0,04;46
01/10/2024;1395;IT015990520435;2;439;26;5,3;3,76;21,4;3,06;0,03;45
01/10/2024;1170;IT015990490850;4;67;42,6;2,74;3,05;10,4;2,39;0,04;44
01/10/2024;1420;IT015990520460;2;317;22,6;4,44;3,46;17,1;2,83;0,07;42
01/10/2024;1639;IT015990553459;2;65;36,6;2,89;3,18;9,9;2,49;0,01;42
01/10/2024;1574;IT015990553394;2;233;23,8;4,45;3,73;20,3;3,02;0,03;40
01/10/2024;1407;IT015990520447;3;50;43,2;4,51;2,99;19,2;2,33;;37
01/10/2024;1295;IT015990490975;3;20;56,1;3;3,05;11;2,37;;31
01/10/2024;756;IT015990415686;5;50;50,1;5,24;2,97;19;2,34;0,04;30
01/10/2024;1079;IT015990451069;4;78;35,5;3,34;2,95;10,7;2,33;0,06;28
01/10/2024;1584;IT015990553404;2;46;42,8;3,11;2,96;20,5;2,32;0,08;27
01/10/2024;1575;IT015990553395;2;71;42,5;4,17;2,85;10,6;2,27;0,05;26
01/10/2024;1191;IT015990490871;3;130;36;4,15;3,45;18,6;2,75;;21
01/10/2024;1457;IT015990520497;2;293;29,9;4,38;3,87;15,7;3,15;0,03;19
01/10/2024;1453;IT015990520493;3;57;39,9;3,47;3,21;15,1;2,53;0,01;18
01/10/2024;1283;IT015990490963;3;82;39,6;4,11;2,73;15,3;2,14;0,04;18
01/10/2024;1099;IT015990451089;4;46;40,4;3,22;2,97;7,9;2,34;0,03;16
01/10/2024;1387;IT015990520427;3;29;46,3;5,28;2,69;20;2,06;;12
01/10/2024;1372;IT015990520412;3;37;47;3,58;2,85;9,4;2,27;0,05;10
01/10/2024;1208;IT015990490888;3;234;33,8;4,32;2,97;14,2;2,35;0,02;10
01/10/2024;1160;IT015990490840;3;22;43,5;3,55;2,9;14;2,25;;9
01/10/2024;1381;IT015990520421;3;72;38,9;2,72;3,1;13,5;2,44;0,03;9
01/10/2024;1644;IT015990553464;2;61;33;3,68;2,91;10,9;2,28;0,02;9
01/10/2024;807;IT015990415737;6;54;53,5;3,54;2,79;17,5;2,16;0,02;7
01/10/2024;1196;IT015990490876;3;163;43,1;3,13;2,89;15,9;2,29;0,05;6
01/10/2024;1263;IT015990490943;4;32;51,1;3,5;3,13;12,1;2,47;0,06;6
01/10/2024;1473;IT015990520513;2;287;31,8;4,36;3,93;15,9;3,16;0,05;8264
01/10/2024;1036;IT015990196171;9;293;18,2;3,9;4,07;13,1;3,18;0,08;4870
01/10/2024;797;IT015990415727;5;339;16,4;4,2;3,92;13,4;3,06;0,17;2248
01/10/2024;1239;IT015990490919;3;319;23;3,73;3,91;19,9;3,1;0,04;2086
01/10/2024;954;IT015990436924;4;453;16,1;4,91;4,05;20,1;3,23;0,02;1957
01/10/2024;1543;IT015990553363;3;21;37,9;3,74;3,37;14,2;2,68;;1482
01/10/2024;1556;IT015990553376;2;93;31,4;3,65;3,24;11,4;2,53;0,08;1247
01/10/2024;1376;IT015990520416;2;393;23,3;4,5;4,15;17,5;3,31;0,08;1230
01/10/2024;1268;IT015990490948;3;320;27,3;2,9;3,27;16,1;2,58;0,05;1171
01/10/2024;1063;IT015990451053;4;343;15,2;3,68;3,38;14,2;2,58;0,2;1037
01/10/2024;1548;IT015990553368;2;11;34,5;3,48;3,21;15;2,49;0,06;614
01/10/2024;877;IT015990436847;5;304;22,2;3,77;3,44;14,6;2,69;0,08;568
01/10/2024;1449;IT015990520489;3;28;41;3,63;2,85;12,2;2,25;0,12;527
01/10/2024;1458;IT015990520498;2;287;16,5;4,56;4,13;19,2;3,33;0,1;510
01/10/2024;1080;IT015990451070;3;288;31,9;3,8;3,28;9,6;2,61;0,03;500
01/10/2024;1105;IT015990451095;4;40;39,7;4,03;2,67;8,7;2,06;;402
01/10/2024;1471;IT015990520511;2;344;22,9;4,27;3,52;16,6;2,81;0,07;377
01/10/2024;584;IT015990370624;6;312;17,7;5,17;3,84;19,2;3,13;;310
01/10/2024;930;IT015990436900;4;309;16,3;3,98;3,99;16,4;3,2;;288
01/10/2024;1137;IT015990490817;4;80;38,8;3,63;2,88;12,3;2,27;0,04;270
01/10/2024;1309;IT015990490989;3;234;32,7;4,14;3,5;20,3;2,77;0,04;257
01/10/2024;1422;IT015990520462;2;281;19;3,85;3,65;9,7;2,91;0,08;248
01/10/2024;250;IT015990315376;9;7;26,4;3,51;4,17;10,8;3,26;0,03;223
01/10/2024;1090;IT015990451080;4;213;24,9;3,62;3,52;14,5;2,8;0,02;194
01/10/2024;1249;IT015990490929;3;296;29,5;3,06;3,42;18,7;2,71;0,05;181
01/10/2024;985;IT015990436955;4;6;28,4;5,83;3,68;19,2;2,87;0,17;180
01/10/2024;1322;IT015990491002;3;260;22,5;3,92;3,54;15,2;2,83;0,02;163
01/10/2024;1734;IT015990581494;2;6;25,9;3,75;4,36;12,3;3,42;0,07;159
01/10/2024;1086;IT015990451076;4;60;41,5;2,73;2,34;15,7;1,81;;156
01/10/2024;1280;IT015990490960;3;26;34,2;2,95;3,09;11,2;2,4;;139
01/10/2024;1552;IT015990553372;2;246;28,4;4,51;3,83;17,6;3,06;;134
01/10/2024;1064;IT015990451054;4;309;23;4,3;3,74;12,4;2,99;0,04;123
01/10/2024;1677;IT015990553497;2;135;29,3;3,84;3,68;13,8;2,95;;105
01/10/2024;1490;IT015990520530;2;189;25,7;3,64;3,63;13,3;2,85;0,02;103
01/10/2024;2273;IT015990490953;3;324;23,5;3,55;3,35;12,9;2,63;0,07;98
01/10/2024;831;IT015990415761;5;348;24,1;3,57;3,44;7,6;2,72;0,08;88
01/10/2024;1366;IT015990520406;2;443;27,6;5,24;4,05;19,7;3,31;0,02;83
01/10/2024;1369;IT015990520409;3;30;44;3,44;2,75;13,7;2,13;0,05;81
01/10/2024;1426;IT015990520466;3;32;46,1;2,76;2,75;20,3;2,11;;81
01/10/2024;887;IT015990436857;5;17;42,5;4,11;3,02;13,2;2,32;0,02;78
01/10/2024;693;IT015990415623;6;45;48,4;3,98;2,77;11,7;2,16;;77
01/10/2024;1262;IT015990490942;3;258;24,6;4,32;4,2;19,4;3,4;;77
01/10/2024;1641;IT015990553461;2;88;40,2;4,86;3,07;14,2;2,43;0,04;74
01/10/2024;1839;IT015990581599;1;166;32,9;4,22;3,39;15,2;2,63;0,1;70
01/10/2024;1640;IT015990553460;2;30;42,4;3,23;3,45;16,6;2,7;0,07;69
01/10/2024;410;IT015990315536;6;299;29;3,43;3,17;14,5;2,5;0,03;64
01/10/2024;1229;IT015990490909;4;12;43,5;4;3,13;16,4;2,4;0,03;61
01/10/2024;1493;IT015990520533;3;13;32,4;4,3;3,73;14,3;2,9;0,02;58
01/10/2024;1563;IT015990553383;2;7;27,5;4,3;4,05;14,5;3,2;0,13;51
01/10/2024;1289;IT015990490969;3;203;28,6;4,09;3,59;19,1;2,88;;48
01/10/2024;744;IT015990415674;6;286;30,8;5,05;3,67;12;2,98;0,04;47
01/10/2024;1410;IT015990520450;3;15;36,9;4,52;3,45;18,3;2,73;0,05;45
01/10/2024;1596;IT015990553416;2;6;44,3;4,3;3,3;20;2,64;0,08;44
01/10/2024;899;IT015990436869;5;15;28;4,61;3,24;21,5;2,55;0,03;43
01/10/2024;678;IT015990415608;6;20;35,4;3,67;3,03;8,3;2,36;0,03;42
01/10/2024;652;IT015990415582;4;138;39,2;6,54;3;24,8;2,38;;36
01/10/2024;1615;IT015990553435;2;182;31,9;2,93;3,16;14,6;2,49;0,01;36
01/10/2024;1480;IT015990520520;2;223;32,6;3;2,87;13,5;2,22;0,02;35
01/10/2024;1613;IT015990553433;2;210;34,3;4,24;3,49;11,7;2,82;;34
01/10/2024;1845;IT015990581605;1;13;27,1;5,66;2,99;16,4;2,28;0,06;32
01/10/2024;1717;IT015990553537;2;22;32,2;4,71;2,75;16,1;2,13;0,04;29
01/10/2024;1227;IT015990490907;4;11;35,9;3,66;3,28;15,3;2,58;0,05;27
01/10/2024;1642;IT015990553462;2;75;43,5;3,68;3,32;13,7;2,63;;19
01/10/2024;1362;IT015990520402;3;73;46,5;4,56;2,73;20;2,11;;15
01/10/2024;1569;IT015990553389;2;76;50,2;3,97;3,08;19,9;2,42;0,01;14
01/10/2024;1561;IT015990553381;2;18;46,9;3,96;2,85;14,4;2,24;0,06;12
01/10/2024;573;IT015990370613;6;25;37,8;4,05;2,89;11,9;2,26;0,02;12
01/10/2024;988;IT015990436958;4;95;40,6;3,44;2,76;13,9;2,19;0,06;12
01/10/2024;1579;IT015990553399;2;92;31,7;3,58;2,79;21,5;2,15;;11
01/10/2024;1330;IT015990491010;3;36;43,2;2,61;3,02;12,9;2,36;;9
